"","Estimate","Std. Error","z value","Pr(>|z|)"
"(Intercept)",-1.43801979568286,0.174504454189755,-8.24059077666386,1.71362393222854e-16
"scale(Depth)",-0.0180914239112598,0.0351471114469061,-0.514734302948026,0.606738699363458
"scale(Distance_Mouth)",0.0187227299541281,0.0402984275838476,0.46460199756361,0.642216501515074
"scale(Length)",-0.581496618812589,0.0572348230814206,-10.1598395435829,2.99569052567561e-24
"scale(Width_Mouth)",-0.0885445429621014,0.0427480109493994,-2.07131375227987,0.0383294849346452
"scale(Active_Farms)",0.0291544891609995,0.028097711018834,1.03761082678433,0.299451275335769
"scale(Oxy)",-0.224218642092923,0.0323403244041495,-6.93309811277447,4.11722438129187e-12
"Year",-0.538862202864329,0.0762609344384689,-7.06603199701296,1.59426670455608e-12
"Month_n",0.336648682292529,0.0958650526417592,3.51169350055605,0.000445261189001522
"TimeSea12",1.13324012184114,0.100044547534748,11.3273551609351,9.60617371826028e-30
"TimeSea18",2.01817962070285,0.0946677764220322,21.3185488978397,7.63905275652712e-101
"TimeSea24",2.54539763657408,0.110607518303887,23.0128808204588,3.46387946154129e-117
"ClassS1/2",-0.301775788976622,0.0653448953372822,-4.61819989792601,3.87083276181552e-06
"CompanyMowi",-0.115825943280025,0.132396297486136,-0.874842767352714,0.381659463445194
"CompanyOthers",-0.142937629313114,0.128456822706456,-1.11272898006943,0.265824845179475
"scale(Fallow)",-0.0202232493081354,0.0313876737773837,-0.644305450973155,0.519377381608981
"scale(Latitude)",0.234790057142435,0.0470258792565169,4.99278399159113,5.95151084184189e-07
